DIP6, Dual in-line package, narrow (300 mil);DIP6
DIP8, Dual in-line package, narrow (300 mil);DIP8
DIP14, Dual in-line package, narrow (300 mil);DIP14
DIP16, Dual in-line package, narrow (300 mil);DIP16
DIP18, Dual in-line package, narrow (300 mil);DIP18
DIP20, Dual in-line package, narrow (300 mil);DIP20
DIP22, Dual in-line package, narrow (300 mil);DIP22
DIP24N, Dual in-line package, narrow (300 mil);DIP24N
DIP28N, Dual in-line package, narrow (300 mil);DIP28N
DIP8M, Dual in-line package, medium wide (400 mil);DIP8M
DIP14M, Dual in-line package, medium wide (400 mil);DIP14M
DIP16M, Dual in-line package, medium wide (400 mil);DIP16M
DIP18M, Dual in-line package, medium wide (400 mil);DIP18M
DIP20M, Dual in-line package, medium wide (400 mil);DIP20M
DIP22M, Dual in-line package, medium wide (400 mil);DIP22M
DIP24M, Dual in-line package, medium wide (400 mil);DIP24M
DIP28M, Dual in-line package, medium wide (400 mil);DIP28M
DIP24, Dual in-line package, wide (600 mil);DIP24
DIP28, Dual in-line package, wide (600 mil);DIP28
DIP32, Dual in-line package, wide (600 mil);DIP32
DIP36, Dual in-line package, wide (600 mil);DIP36
DIP40, Dual in-line package, wide (600 mil);DIP40
DIP42, Dual in-line package, wide (600 mil);DIP42
DIP44, Dual in-line package, wide (600 mil);DIP44
DIP48, Dual in-line package, wide (600 mil);DIP48
DIP64, Dual in-line package, wide (900 mil);DIP64
SDIP18, Shrink dual in-line package, wide (300 mil);SDIP18
SDIP20, Shrink dual in-line package, wide (300 mil);SDIP20
SDIP22, Shrink dual in-line package, wide (300 mil);SDIP22
SDIP24, Shrink dual in-line package, wide (300 mil);SDIP24
SDIP30, Shrink dual in-line package, wide (400 mil);SDIP30
SDIP32, Shrink dual in-line package, wide (400 mil);SDIP32
SDIP42, Shrink dual in-line package, wide (600 mil);SDIP42
SIP1, Single in line package;SIP1
SIP2, Single in line package;SIP2
SIP3, Single in line package;SIP3
SIP4, Single in line package;SIP4
SIP5, Single in line package;SIP5
SIP6, Single in line package;SIP6
SIP7, Single in line package;SIP7
SIP8, Single in line package;SIP8
SIP9, Single in line package;SIP9
SIP10, Single in line package;SIP10
SIP11, Single in line package;SIP11
SIP12, Single in line package;SIP12
SIP13, Single in line package;SIP13
US8, Ultra (Micro?) Small outline package;US8
US14, Ultra (Micro?) Small outline package;US14
US16, Ultra (Micro?) Small outline package;US16
SO8, Small outline package, narrow (150mil);SO8
SO14, Small outline package, narrow (150mil);SO14
SO16, Small outline package, narrow (150mil);SO16
SO18N, Small outline package, narrow (150mil);SO18N
SO20N, Small outline package, narrow (150mil);SO20N
SO8M, Small outline package, medium (200mil);SO8M
SO18M, Small outline package, medium (200mil);SO18M
SO20M, Small outline package, medium (200mil);SO20M
SO22M, Small outline package, medium (200mil);SO22M
SO24M, Small outline package, medium (200mil);SO24M
SO8W, Small outline package, wide (300mil);SO8W
SO14W, Small outline package, wide (300mil);SO14W
SO16W, Small outline package, wide (300mil);SO16W
SO18W, Small outline package, wide (300mil);SO18W
SO20W, Small outline package, wide (300mil);SO20W
SO24W, Small outline package, wide (300mil);SO24W
SO28, Small outline package, wide (300mil);SO28
SO32, Small outline package, wide (300mil);SO32
SO28W, Small outline package, wider (325mil);SO28W
SO32W, Small outline package, wider (450mil);SO32W
SO44, Small outline package, wide (525mil);SO44
SOJ14_300, Small outline J-leaded package (300 mil);SOJ14_300
SOJ16_300, Small outline J-leaded package (300 mil);SOJ16_300
SOJ18_300, Small outline J-leaded package (300 mil);SOJ18_300
SOJ20_300, Small outline J-leaded package (300 mil);SOJ20_300
SOJ22_300, Small outline J-leaded package (300 mil);SOJ22_300
SOJ24_300, Small outline J-leaded package (300 mil);SOJ24_300
SOJ26_300, Small outline J-leaded package (300 mil);SOJ26_300
SOJ28_300, Small outline J-leaded package (300 mil);SOJ28_300
SOJ30_300, Small outline J-leaded package (300 mil);SOJ30_300
SOJ32_300, Small outline J-leaded package (300 mil);SOJ32_300
SOJ34_300, Small outline J-leaded package (300 mil);SOJ34_300
SOJ36_300, Small outline J-leaded package (300 mil);SOJ36_300
SOJ38_300, Small outline J-leaded package (300 mil);SOJ38_300
SOJ40_300, Small outline J-leaded package (300 mil);SOJ40_300
SOJ42_300, Small outline J-leaded package (300 mil);SOJ42_300
SOJ44_300, Small outline J-leaded package (300 mil);SOJ44_300
SOJ14_350, Small outline J-leaded package (350 mil);SOJ14_350
SOJ16_350, Small outline J-leaded package (350 mil);SOJ16_350
SOJ18_350, Small outline J-leaded package (350 mil);SOJ18_350
SOJ20_350, Small outline J-leaded package (350 mil);SOJ20_350
SOJ22_350, Small outline J-leaded package (350 mil);SOJ22_350
SOJ24_350, Small outline J-leaded package (350 mil);SOJ24_350
SOJ26_350, Small outline J-leaded package (350 mil);SOJ26_350
SOJ28_350, Small outline J-leaded package (350 mil);SOJ28_350
SOJ30_350, Small outline J-leaded package (350 mil);SOJ30_350
SOJ32_350, Small outline J-leaded package (350 mil);SOJ32_350
SOJ34_350, Small outline J-leaded package (350 mil);SOJ34_350
SOJ36_350, Small outline J-leaded package (350 mil);SOJ36_350
SOJ38_350, Small outline J-leaded package (350 mil);SOJ38_350
SOJ40_350, Small outline J-leaded package (350 mil);SOJ40_350
SOJ42_350, Small outline J-leaded package (350 mil);SOJ42_350
SOJ44_350, Small outline J-leaded package (350 mil);SOJ44_350
SOJ14_400, Small outline J-leaded package (400 mil);SOJ14_400
SOJ16_400, Small outline J-leaded package (400 mil);SOJ16_400
SOJ18_400, Small outline J-leaded package (400 mil);SOJ18_400
SOJ20_400, Small outline J-leaded package (400 mil);SOJ20_400
SOJ22_400, Small outline J-leaded package (400 mil);SOJ22_400
SOJ24_400, Small outline J-leaded package (400 mil);SOJ24_400
SOJ26_400, Small outline J-leaded package (400 mil);SOJ26_400
SOJ28_400, Small outline J-leaded package (400 mil);SOJ28_400
SOJ30_400, Small outline J-leaded package (400 mil);SOJ30_400
SOJ32_400, Small outline J-leaded package (400 mil);SOJ32_400
SOJ34_400, Small outline J-leaded package (400 mil);SOJ34_400
SOJ36_400, Small outline J-leaded package (400 mil);SOJ36_400
SOJ38_400, Small outline J-leaded package (400 mil);SOJ38_400
SOJ40_400, Small outline J-leaded package (400 mil);SOJ40_400
SOJ42_400, Small outline J-leaded package (400 mil);SOJ42_400
SOJ44_400, Small outline J-leaded package (400 mil);SOJ44_400
SOJ14_450, Small outline J-leaded package (450 mil);SOJ14_450
SOJ16_450, Small outline J-leaded package (450 mil);SOJ16_450
SOJ18_450, Small outline J-leaded package (450 mil);SOJ18_450
SOJ20_450, Small outline J-leaded package (450 mil);SOJ20_450
SOJ22_450, Small outline J-leaded package (450 mil);SOJ22_450
SOJ24_450, Small outline J-leaded package (450 mil);SOJ24_450
SOJ26_450, Small outline J-leaded package (450 mil);SOJ26_450
SOJ28_450, Small outline J-leaded package (450 mil);SOJ28_450
SOJ30_450, Small outline J-leaded package (450 mil);SOJ30_450
SOJ32_450, Small outline J-leaded package (450 mil);SOJ32_450
SOJ34_450, Small outline J-leaded package (450 mil);SOJ34_450
SOJ36_450, Small outline J-leaded package (450 mil);SOJ36_450
SOJ38_450, Small outline J-leaded package (450 mil);SOJ38_450
SOJ40_450, Small outline J-leaded package (450 mil);SOJ40_450
SOJ42_450, Small outline J-leaded package (450 mil);SOJ42_450
SOJ44_450, Small outline J-leaded package (450 mil);SOJ44_450
SSOP8, Shrink small outline package, .65mm, narrow;SSOP8
SSOP14, Shrink small outline package, .65mm, narrow;SSOP14
SSOP16, Shrink small outline package, .65mm, narrow;SSOP16
SSOP20, Shrink small outline package, .65mm, narrow;SSOP20
SSOP24, Shrink small outline package, .65mm, narrow;SSOP24
SSOP28, Shrink small outline package, .65mm, narrow;SSOP28
SSOP48W, Shrink small outline package, 25mil, wide;SSOP48W
SSOP56W, Shrink small outline package, 25mil, wide;SSOP56W
SSOP64W, Shrink small outline package, .80mm, wider;SSOP64W
MSOP8, Mini small outline package, .65mm;MSOP8
MSOP10, Mini small outline package, .5mm;MSOP10
QSOP16, Quarter size small outline package;QSOP16
QSOP20, Quarter size small outline package;QSOP20
QSOP24, Quarter size small outline package;QSOP24
QSOP28, Quarter size small outline package;QSOP28
TSOP28, Thin small outline package;TSOP28
TSOP32A, Thin small outline package;TSOP32A
TSOP32B, Thin small outline package;TSOP32B
TSSOP8, Thin shrink small outline package, narrow (3mm);TSSOP8
TSSOP10, Thin shrink small outline package, narrow (3mm);TSSOP10
TSSOP8W, Thin shrink small outline package, standard (4.4mm);TSSOP8W
TSSOP14, Thin shrink small outline package, standard (4.4mm);TSSOP14
TSSOP16, Thin shrink small outline package, standard (4.4mm);TSSOP16
TSSOP20, Thin shrink small outline package, standard (4.4mm);TSSOP20
TSSOP24, Thin shrink small outline package, standard (4.4mm);TSSOP24
TSSOP28, Thin shrink small outline package, standard (4.4mm);TSSOP28
TSSOP38N, Thin shrink small outline package, standard (4.4mm);TSSOP38N
TSSOP48N, Thin shrink small outline package, standard (4.4mm);TSSOP48N
TSSOP56N, Thin shrink small outline package, standard (4.4mm);TSSOP56N
TSSOP32, Thin shrink small outline package, wide (6.1mm);TSSOP32
TSSOP48, Thin shrink small outline package, wide (6.1mm);TSSOP48
TSSOP56, Thin shrink small outline package, wide (6.1mm);TSSOP56
TSSOP64, Thin shrink small outline package, wide (6.1mm);TSSOP64
TSSOP80, Thin shrink small outline package, wide (6.1mm);TSSOP80
PLCC20, Plastic leadless chip carrier;PLCC20
PLCC28, Plastic leadless chip carrier;PLCC28
PLCC32, Plastic leadless chip carrier;PLCC32
PLCC44, Plastic leadless chip carrier;PLCC44
PLCC52, Plastic leadless chip carrier;PLCC52
PLCC68, Plastic leadless chip carrier;PLCC68
PLCC84, Plastic leadless chip carrier;PLCC84
PLCC20X, Plastic leadless chip carrier with pin socket;PLCC20X
PLCC28X, Plastic leadless chip carrier with pin socket;PLCC28X
PLCC32X, Plastic leadless chip carrier with pin socket;PLCC32X
PLCC44X, Plastic leadless chip carrier with pin socket;PLCC44X
PLCC52X, Plastic leadless chip carrier with pin socket;PLCC52X
PLCC68X, Plastic leadless chip carrier with pin socket;PLCC68X
PLCC84X, Plastic leadless chip carrier with pin socket;PLCC84X
QFN16_3, Square Quad Flat Nolead (QFN) package;QFN16_3
TQFN16_3, Square Quad Flat Nolead (QFN) package;TQFN16_3
QFN16_3_EP, Square Quad Flat Nolead (QFN) package;QFN16_3_EP
TQFN16_3_EP, Square Quad Flat Nolead (QFN) package;TQFN16_3_EP
QFN12_4, Square Quad Flat Nolead (QFN) package;QFN12_4
TQFN12_4, Square Quad Flat Nolead (QFN) package;TQFN12_4
QFN12_4_EP, Square Quad Flat Nolead (QFN) package;QFN12_4_EP
TQFN12_4_EP, Square Quad Flat Nolead (QFN) package;TQFN12_4_EP
QFN16_4, Square Quad Flat Nolead (QFN) package;QFN16_4
TQFN16_4, Square Quad Flat Nolead (QFN) package;TQFN16_4
QFN16_4_EP, Square Quad Flat Nolead (QFN) package;QFN16_4_EP
TQFN16_4_EP, Square Quad Flat Nolead (QFN) package;TQFN16_4_EP
QFN20_4, Square Quad Flat Nolead (QFN) package;QFN20_4
TQFN20_4, Square Quad Flat Nolead (QFN) package;TQFN20_4
QFN20_4_EP, Square Quad Flat Nolead (QFN) package;QFN20_4_EP
TQFN20_4_EP, Square Quad Flat Nolead (QFN) package;TQFN20_4_EP
QFN24_4, Square Quad Flat Nolead (QFN) package;QFN24_4
TQFN24_4, Square Quad Flat Nolead (QFN) package;TQFN24_4
QFN24_4_EP, Square Quad Flat Nolead (QFN) package;QFN24_4_EP
TQFN24_4_EP, Square Quad Flat Nolead (QFN) package;TQFN24_4_EP
QFN16_5, Square Quad Flat Nolead (QFN) package;QFN16_5
TQFN16_5, Square Quad Flat Nolead (QFN) package;TQFN16_5
QFN16_5_EP, Square Quad Flat Nolead (QFN) package;QFN16_5_EP
TQFN16_5_EP, Square Quad Flat Nolead (QFN) package;TQFN16_5_EP
QFN20_5, Square Quad Flat Nolead (QFN) package;QFN20_5
TQFN20_5, Square Quad Flat Nolead (QFN) package;TQFN20_5
QFN20_5_EP, Square Quad Flat Nolead (QFN) package;QFN20_5_EP
TQFN20_5_EP, Square Quad Flat Nolead (QFN) package;TQFN20_5_EP
QFN28_5, Square Quad Flat Nolead (QFN) package;QFN28_5
TQFN28_5, Square Quad Flat Nolead (QFN) package;TQFN28_5
QFN28_5_EP, Square Quad Flat Nolead (QFN) package;QFN28_5_EP
TQFN28_5_EP, Square Quad Flat Nolead (QFN) package;TQFN28_5_EP
QFN32_5, Square Quad Flat Nolead (QFN) package;QFN32_5
TQFN32_5, Square Quad Flat Nolead (QFN) package;TQFN32_5
QFN32_5_EP, Square Quad Flat Nolead (QFN) package;QFN32_5_EP
TQFN32_5_EP, Square Quad Flat Nolead (QFN) package;TQFN32_5_EP
QFN36_6, Square Quad Flat Nolead (QFN) package;QFN36_6
TQFN36_6, Square Quad Flat Nolead (QFN) package;TQFN36_6
QFN36_6_EP, Square Quad Flat Nolead (QFN) package;QFN36_6_EP
TQFN36_6_EP, Square Quad Flat Nolead (QFN) package;TQFN36_6_EP
QFN40_6, Square Quad Flat Nolead (QFN) package;QFN40_6
TQFN40_6, Square Quad Flat Nolead (QFN) package;TQFN40_6
QFN40_6_EP, Square Quad Flat Nolead (QFN) package;QFN40_6_EP
TQFN40_6_EP, Square Quad Flat Nolead (QFN) package;TQFN40_6_EP
QFN32_7, Square Quad Flat Nolead (QFN) package;QFN32_7
TQFN32_7, Square Quad Flat Nolead (QFN) package;TQFN32_7
QFN32_7_EP, Square Quad Flat Nolead (QFN) package;QFN32_7_EP
TQFN32_7_EP, Square Quad Flat Nolead (QFN) package;TQFN32_7_EP
QFN44_7, Square Quad Flat Nolead (QFN) package;QFN44_7
TQFN44_7, Square Quad Flat Nolead (QFN) package;TQFN44_7
QFN44_7_EP, Square Quad Flat Nolead (QFN) package;QFN44_7_EP
TQFN44_7_EP, Square Quad Flat Nolead (QFN) package;TQFN44_7_EP
QFN48_7, Square Quad Flat Nolead (QFN) package;QFN48_7
TQFN48_7, Square Quad Flat Nolead (QFN) package;TQFN48_7
QFN48_7_EP, Square Quad Flat Nolead (QFN) package;QFN48_7_EP
TQFN48_7_EP, Square Quad Flat Nolead (QFN) package;TQFN48_7_EP
QFN56_8, Square Quad Flat Nolead (QFN) package;QFN56_8
TQFN56_8, Square Quad Flat Nolead (QFN) package;TQFN56_8
QFN56_8_EP, Square Quad Flat Nolead (QFN) package;QFN56_8_EP
TQFN56_8_EP, Square Quad Flat Nolead (QFN) package;TQFN56_8_EP
QFN68_10, Square Quad Flat Nolead (QFN) package;QFN68_10
TQFN68_10, Square Quad Flat Nolead (QFN) package;TQFN68_10
QFN68_10_EP, Square Quad Flat Nolead (QFN) package;QFN68_10_EP
TQFN68_10_EP, Square Quad Flat Nolead (QFN) package;TQFN68_10_EP
LQFP24_4, Square Quad-side flat pack;LQFP24_4
LQFP32_5, Square Quad-side flat pack;LQFP32_5
LQFP32_7, Square Quad-side flat pack;LQFP32_7
LQFP44_10, Square Quad-side flat pack;LQFP44_10
LQFP48_7, Square Quad-side flat pack;LQFP48_7
LQFP48_12, Square Quad-side flat pack;LQFP48_12
LQFP52_10, Square Quad-side flat pack;LQFP52_10
LQFP64_7, Square Quad-side flat pack;LQFP64_7
LQFP64_10, Square Quad-side flat pack;LQFP64_10
LQFP64_14, Square Quad-side flat pack;LQFP64_14
LQFP72_10, Square Quad-side flat pack;LQFP72_10
LQFP80_12, Square Quad-side flat pack;LQFP80_12
LQFP80_14, Square Quad-side flat pack;LQFP80_14
LQFP100_10, Square Quad-side flat pack;LQFP100_10
LQFP100_14, Square Quad-side flat pack;LQFP100_14
LQFP112_20, Square Quad-side flat pack;LQFP112_20
LQFP120_16, Square Quad-side flat pack;LQFP120_16
LQFP128_14, Square Quad-side flat pack;LQFP128_14
LQFP128_14_EP, Square Quad-side flat pack;LQFP128_14_EP
LQFP144_20, Square Quad-side flat pack;LQFP144_20
LQFP160_24, Square Quad-side flat pack;LQFP160_24
LQFP176_24, Square Quad-side flat pack;LQFP176_24
QFP32_7, Square Quad-side flat pack;QFP32_7
QFP44_10, Square Quad-side flat pack;QFP44_10
QFP52_10, Square Quad-side flat pack;QFP52_10
QFP64_14, Square Quad-side flat pack;QFP64_14
QFP80_14, Square Quad-side flat pack;QFP80_14
QFP100_14, Square Quad-side flat pack;QFP100_14
QFP120_28, Square Quad-side flat pack;QFP120_28
QFP128_28, Square Quad-side flat pack;QFP128_28
QFP144_28, Square Quad-side flat pack;QFP144_28
QFP160_28, Square Quad-side flat pack;QFP160_28
QFP208_28, Square Quad-side flat pack;QFP208_28
QFP240_32, Square Quad-side flat pack;QFP240_32
QFP304_40, Square Quad-side flat pack;QFP304_40
TQFP32_7, Square Quad-side flat pack;TQFP32_7
TQFP44_10, Square Quad-side flat pack;TQFP44_10
TQFP52_10, Square Quad-side flat pack;TQFP52_10
TQFP64_10, Square Quad-side flat pack;TQFP64_10
TQFP64_14, Square Quad-side flat pack;TQFP64_14
TQFP80_12, Square Quad-side flat pack;TQFP80_12
TQFP80_14, Square Quad-side flat pack;TQFP80_14
TQFP100_12, Square Quad-side flat pack;TQFP100_12
TQFP100_14, Square Quad-side flat pack;TQFP100_14
TQFP120_28, Square Quad-side flat pack;TQFP120_28
TQFP128_14, Square Quad-side flat pack;TQFP128_14
TQFP128_14_EP, Square Quad-side flat pack;TQFP128_14_EP
TQFP128_28, Square Quad-side flat pack;TQFP128_28
TQFP144_28, Square Quad-side flat pack;TQFP144_28
TQFP160_28, Square Quad-side flat pack;TQFP160_28
TQFP208_28, Square Quad-side flat pack;TQFP208_28
TQFP240_32, Square Quad-side flat pack;TQFP240_32
TQFP304_40, Square Quad-side flat pack;TQFP304_40
QFP64_R, Rectangular Quad-side flat pack;QFP64_R
QFP80_R, Rectangular Quad-side flat pack;QFP80_R
QFP100_R, Rectangular Quad-side flat pack;QFP100_R
QFP128_R, Rectangular Quad-side flat pack;QFP128_R
LQFP128_R, Rectangular Quad-side flat pack;LQFP128_R
ZIP9, Zig-zag in-line package;ZIP9
ZIP12, Zig-zag in-line package;ZIP12
ZIP16, Zig-zag in-line package;ZIP16
ZIP18, Zig-zag in-line package;ZIP18
ZIP20, Zig-zag in-line package;ZIP20
ZIP24, Zig-zag in-line package;ZIP24
ZIP28, Zig-zag in-line package;ZIP28
ZIP40, Zig-zag in-line package;ZIP40
ACY100, Axial non-polar component (typically resistor or capacitor),;ACY100
ACY150, Axial non-polar component (typically resistor or capacitor),;ACY150
ACY200, Axial non-polar component (typically resistor or capacitor),;ACY200
ACY300, Axial non-polar component (typically resistor or capacitor),;ACY300
ACY400, Axial non-polar component (typically resistor or capacitor),;ACY400
ACY500, Axial non-polar component (typically resistor or capacitor),;ACY500
ACY600, Axial non-polar component (typically resistor or capacitor),;ACY600
ACY700, Axial non-polar component (typically resistor or capacitor),;ACY700
ACY800, Axial non-polar component (typically resistor or capacitor),;ACY800
ACY900, Axial non-polar component (typically resistor or capacitor),;ACY900
ACY1000, Axial non-polar component (typically resistor or capacitor),;ACY1000
ACY1100, Axial non-polar component (typically resistor or capacitor),;ACY1100
ACY1200, Axial non-polar component (typically resistor or capacitor),;ACY1200
ACY1300, Axial non-polar component (typically resistor or capacitor),;ACY1300
ACY1400, Axial non-polar component (typically resistor or capacitor),;ACY1400
ACY1500, Axial non-polar component (typically resistor or capacitor),;ACY1500
ACY1600, Axial non-polar component (typically resistor or capacitor),;ACY1600
ACY100P, Axial polar component (typically capacitor),;ACY100P
ACY150P, Axial polar component (typically capacitor),;ACY150P
ACY200P, Axial polar component (typically capacitor),;ACY200P
ACY300P, Axial polar component (typically capacitor),;ACY300P
ACY400P, Axial polar component (typically capacitor),;ACY400P
ACY500P, Axial polar component (typically capacitor),;ACY500P
ACY600P, Axial polar component (typically capacitor),;ACY600P
ACY700P, Axial polar component (typically capacitor),;ACY700P
ACY800P, Axial polar component (typically capacitor),;ACY800P
ACY900P, Axial polar component (typically capacitor),;ACY900P
ACY1000P, Axial polar component (typically capacitor),;ACY1000P
ACY1100P, Axial polar component (typically capacitor),;ACY1100P
ACY1200P, Axial polar component (typically capacitor),;ACY1200P
ACY1300P, Axial polar component (typically capacitor),;ACY1300P
ACY1400P, Axial polar component (typically capacitor),;ACY1400P
ACY1500P, Axial polar component (typically capacitor),;ACY1500P
ACY1600P, Axial polar component (typically capacitor),;ACY1600P
ALF300, Axial diode (pin 1 is cathode);ALF300
ALF400, Axial diode (pin 1 is cathode);ALF400
ALF500, Axial diode (pin 1 is cathode);ALF500
ALF600, Axial diode (pin 1 is cathode);ALF600
ALF700, Axial diode (pin 1 is cathode);ALF700
ALF800, Axial diode (pin 1 is cathode);ALF800
ALF900, Axial diode (pin 1 is cathode);ALF900
ALF1000, Axial diode (pin 1 is cathode);ALF1000
RCY100, Bottom lead non-polar circular component (typically capacitor);RCY100
RCY150, Bottom lead non-polar circular component (typically capacitor);RCY150
RCY200, Bottom lead non-polar circular component (typically capacitor);RCY200
RCY250, Bottom lead non-polar circular component (typically capacitor);RCY250
RCY300, Bottom lead non-polar circular component (typically capacitor);RCY300
RCY350, Bottom lead non-polar circular component (typically capacitor);RCY350
RCY400, Bottom lead non-polar circular component (typically capacitor);RCY400
RCY500, Bottom lead non-polar circular component (typically capacitor);RCY500
RCY600, Bottom lead non-polar circular component (typically capacitor);RCY600
RCY700, Bottom lead non-polar circular component (typically capacitor);RCY700
RCY800, Bottom lead non-polar circular component (typically capacitor);RCY800
RCY900, Bottom lead non-polar circular component (typically capacitor);RCY900
RCY1000, Bottom lead non-polar circular component (typically capacitor);RCY1000
RCY1100, Bottom lead non-polar circular component (typically capacitor);RCY1100
RCY1200, Bottom lead non-polar circular component (typically capacitor);RCY1200
RCY100P, Bottom lead polar circular component (typically capacitor);RCY100P
RCY150P, Bottom lead polar circular component (typically capacitor);RCY150P
RCY200P, Bottom lead polar circular component (typically capacitor);RCY200P
RCY250P, Bottom lead polar circular component (typically capacitor);RCY250P
RCY300P, Bottom lead polar circular component (typically capacitor);RCY300P
RCY350P, Bottom lead polar circular component (typically capacitor);RCY350P
RCY400P, Bottom lead polar circular component (typically capacitor);RCY400P
RCY500P, Bottom lead polar circular component (typically capacitor);RCY500P
RCY600P, Bottom lead polar circular component (typically capacitor);RCY600P
RCY700P, Bottom lead polar circular component (typically capacitor);RCY700P
RCY800P, Bottom lead polar circular component (typically capacitor);RCY800P
RCY900P, Bottom lead polar circular component (typically capacitor);RCY900P
RCY1000P, Bottom lead polar circular component (typically capacitor);RCY1000P
RCY1100P, Bottom lead polar circular component (typically capacitor);RCY1100P
RCY1200P, Bottom lead polar circular component (typically capacitor);RCY1200P
HC49U, Crystals;HC49U
HC49UH, Crystals;HC49UH
HC49U_3, Crystals;HC49U_3
HC49U_3H, Crystals;HC49U_3H
HC51U, Crystals;HC51U
HC51UH, Crystals;HC51UH
UM1, Crystals;UM1
UM1H, Crystals;UM1H
UM1_3, Crystals;UM1_3
UM1_3H, Crystals;UM1_3H
HC49, Crystals;HC49
OSC14, Crystal oscillator;OSC14
LED3, LED, size in mm (pin 1 is +, 2 is -);LED3
LED5, LED, size in mm (pin 1 is +, 2 is -);LED5
TO126, Transistor;TO126
TO126S, Transistor;TO126S
TO126W, Transistor;TO126W
TO126SW, Transistor;TO126SW
TO220, Transistor;TO220
TO220S, Transistor;TO220S
TO220W, Transistor;TO220W
TO220SW, Transistor;TO220SW
TO18, Transistor;TO18
TO39, Transistor;TO39
TO92, Transistor;TO92
TO220ACS, diode in TO220;TO220ACS
TO218, diode in TO220;TO218
TO247, diode in TO220;TO247
TO247_2, diode in TO220;TO247_2
TO264, diode in TO220;TO264
TO251, diode in TO220;TO251
TO220ACSTAND, diode in TO220;TO220ACSTAND
PENTAWATT, Power IC, as in MULTIWATT15;PENTAWATT
HEPTAWATT, Power IC, as in MULTIWATT15;HEPTAWATT
MULTIWATT8, Power IC, as in MULTIWATT15;MULTIWATT8
MULTIWATT11, Power IC, as in MULTIWATT15;MULTIWATT11
MULTIWATT15, Power IC, as in MULTIWATT15;MULTIWATT15
JUMPER1, Jumper, i.e. single row headers;JUMPER1
JUMPER2, Jumper, i.e. single row headers;JUMPER2
JUMPER3, Jumper, i.e. single row headers;JUMPER3
JUMPER4, Jumper, i.e. single row headers;JUMPER4
JUMPER5, Jumper, i.e. single row headers;JUMPER5
JUMPER6, Jumper, i.e. single row headers;JUMPER6
JUMPER7, Jumper, i.e. single row headers;JUMPER7
JUMPER8, Jumper, i.e. single row headers;JUMPER8
JUMPER9, Jumper, i.e. single row headers;JUMPER9
JUMPER10, Jumper, i.e. single row headers;JUMPER10
JUMPER11, Jumper, i.e. single row headers;JUMPER11
JUMPER12, Jumper, i.e. single row headers;JUMPER12
JUMPER13, Jumper, i.e. single row headers;JUMPER13
JUMPER14, Jumper, i.e. single row headers;JUMPER14
JUMPER15, Jumper, i.e. single row headers;JUMPER15
JUMPER16, Jumper, i.e. single row headers;JUMPER16
JUMPER17, Jumper, i.e. single row headers;JUMPER17
JUMPER18, Jumper, i.e. single row headers;JUMPER18
JUMPER19, Jumper, i.e. single row headers;JUMPER19
JUMPER20, Jumper, i.e. single row headers;JUMPER20
JUMPER21, Jumper, i.e. single row headers;JUMPER21
JUMPER22, Jumper, i.e. single row headers;JUMPER22
JUMPER23, Jumper, i.e. single row headers;JUMPER23
JUMPER24, Jumper, i.e. single row headers;JUMPER24
JUMPER25, Jumper, i.e. single row headers;JUMPER25
JUMPER26, Jumper, i.e. single row headers;JUMPER26
MTA100_2, MTA Connector, (0.100 inch pitch);MTA100_2
MTA100_3, MTA Connector, (0.100 inch pitch);MTA100_3
MTA100_4, MTA Connector, (0.100 inch pitch);MTA100_4
MTA100_5, MTA Connector, (0.100 inch pitch);MTA100_5
MTA100_6, MTA Connector, (0.100 inch pitch);MTA100_6
MTA100_7, MTA Connector, (0.100 inch pitch);MTA100_7
MTA100_8, MTA Connector, (0.100 inch pitch);MTA100_8
MTA100_9, MTA Connector, (0.100 inch pitch);MTA100_9
MTA100_10, MTA Connector, (0.100 inch pitch);MTA100_10
MTA100_11, MTA Connector, (0.100 inch pitch);MTA100_11
MTA100_12, MTA Connector, (0.100 inch pitch);MTA100_12
MTA100_13, MTA Connector, (0.100 inch pitch);MTA100_13
MTA100_14, MTA Connector, (0.100 inch pitch);MTA100_14
MTA100_15, MTA Connector, (0.100 inch pitch);MTA100_15
HEADER2_1, Header connector, DIP pin numbering;HEADER2_1
HEADER4_1, Header connector, DIP pin numbering;HEADER4_1
HEADER6_1, Header connector, DIP pin numbering;HEADER6_1
HEADER8_1, Header connector, DIP pin numbering;HEADER8_1
HEADER10_1, Header connector, DIP pin numbering;HEADER10_1
HEADER12_1, Header connector, DIP pin numbering;HEADER12_1
HEADER14_1, Header connector, DIP pin numbering;HEADER14_1
HEADER16_1, Header connector, DIP pin numbering;HEADER16_1
HEADER18_1, Header connector, DIP pin numbering;HEADER18_1
HEADER20_1, Header connector, DIP pin numbering;HEADER20_1
HEADER22_1, Header connector, DIP pin numbering;HEADER22_1
HEADER24_1, Header connector, DIP pin numbering;HEADER24_1
HEADER26_1, Header connector, DIP pin numbering;HEADER26_1
HEADER28_1, Header connector, DIP pin numbering;HEADER28_1
HEADER30_1, Header connector, DIP pin numbering;HEADER30_1
HEADER32_1, Header connector, DIP pin numbering;HEADER32_1
HEADER34_1, Header connector, DIP pin numbering;HEADER34_1
HEADER36_1, Header connector, DIP pin numbering;HEADER36_1
HEADER38_1, Header connector, DIP pin numbering;HEADER38_1
HEADER40_1, Header connector, DIP pin numbering;HEADER40_1
HEADER42_1, Header connector, DIP pin numbering;HEADER42_1
HEADER44_1, Header connector, DIP pin numbering;HEADER44_1
HEADER46_1, Header connector, DIP pin numbering;HEADER46_1
HEADER48_1, Header connector, DIP pin numbering;HEADER48_1
HEADER50_1, Header connector, DIP pin numbering;HEADER50_1
HEADER52_1, Header connector, DIP pin numbering;HEADER52_1
HEADER54_1, Header connector, DIP pin numbering;HEADER54_1
HEADER56_1, Header connector, DIP pin numbering;HEADER56_1
HEADER58_1, Header connector, DIP pin numbering;HEADER58_1
HEADER60_1, Header connector, DIP pin numbering;HEADER60_1
HEADER62_1, Header connector, DIP pin numbering;HEADER62_1
HEADER64_1, Header connector, DIP pin numbering;HEADER64_1
HEADER80_1, Header connector, DIP pin numbering;HEADER80_1
HEADER2_2, Header connector, ribbon cable numbering;HEADER2_2
HEADER4_2, Header connector, ribbon cable numbering;HEADER4_2
HEADER6_2, Header connector, ribbon cable numbering;HEADER6_2
HEADER8_2, Header connector, ribbon cable numbering;HEADER8_2
HEADER10_2, Header connector, ribbon cable numbering;HEADER10_2
HEADER12_2, Header connector, ribbon cable numbering;HEADER12_2
HEADER14_2, Header connector, ribbon cable numbering;HEADER14_2
HEADER16_2, Header connector, ribbon cable numbering;HEADER16_2
HEADER18_2, Header connector, ribbon cable numbering;HEADER18_2
HEADER20_2, Header connector, ribbon cable numbering;HEADER20_2
HEADER22_2, Header connector, ribbon cable numbering;HEADER22_2
HEADER24_2, Header connector, ribbon cable numbering;HEADER24_2
HEADER26_2, Header connector, ribbon cable numbering;HEADER26_2
HEADER28_2, Header connector, ribbon cable numbering;HEADER28_2
HEADER30_2, Header connector, ribbon cable numbering;HEADER30_2
HEADER32_2, Header connector, ribbon cable numbering;HEADER32_2
HEADER34_2, Header connector, ribbon cable numbering;HEADER34_2
HEADER36_2, Header connector, ribbon cable numbering;HEADER36_2
HEADER38_2, Header connector, ribbon cable numbering;HEADER38_2
HEADER40_2, Header connector, ribbon cable numbering;HEADER40_2
HEADER42_2, Header connector, ribbon cable numbering;HEADER42_2
HEADER44_2, Header connector, ribbon cable numbering;HEADER44_2
HEADER46_2, Header connector, ribbon cable numbering;HEADER46_2
HEADER48_2, Header connector, ribbon cable numbering;HEADER48_2
HEADER50_2, Header connector, ribbon cable numbering;HEADER50_2
HEADER52_2, Header connector, ribbon cable numbering;HEADER52_2
HEADER54_2, Header connector, ribbon cable numbering;HEADER54_2
HEADER56_2, Header connector, ribbon cable numbering;HEADER56_2
HEADER58_2, Header connector, ribbon cable numbering;HEADER58_2
HEADER60_2, Header connector, ribbon cable numbering;HEADER60_2
HEADER62_2, Header connector, ribbon cable numbering;HEADER62_2
HEADER64_2, Header connector, ribbon cable numbering;HEADER64_2
HEADER80_2, Header connector, ribbon cable numbering;HEADER80_2
DIN41651_10, Header connector with latches;DIN41651_10
DIN41651_14, Header connector with latches;DIN41651_14
DIN41651_16, Header connector with latches;DIN41651_16
DIN41651_20, Header connector with latches;DIN41651_20
DIN41651_26, Header connector with latches;DIN41651_26
DIN41651_34, Header connector with latches;DIN41651_34
DIN41651_40, Header connector with latches;DIN41651_40
DIN41651_50, Header connector with latches;DIN41651_50
DIN41651_60, Header connector with latches;DIN41651_60
DIN41651_64, Header connector with latches;DIN41651_64
DIN41651_10S, Header connector with latches;DIN41651_10S
DIN41651_14S, Header connector with latches;DIN41651_14S
DIN41651_16S, Header connector with latches;DIN41651_16S
DIN41651_20S, Header connector with latches;DIN41651_20S
DIN41651_26S, Header connector with latches;DIN41651_26S
DIN41651_34S, Header connector with latches;DIN41651_34S
DIN41651_40S, Header connector with latches;DIN41651_40S
DIN41651_50S, Header connector with latches;DIN41651_50S
DIN41651_60S, Header connector with latches;DIN41651_60S
DIN41651_64S, Header connector with latches;DIN41651_64S
DB9F, DSUB connector, female/male;DB9F
DB15F, DSUB connector, female/male;DB15F
DB25F, DSUB connector, female/male;DB25F
DB37F, DSUB connector, female/male;DB37F
DB9M, DSUB connector, female/male;DB9M
DB15M, DSUB connector, female/male;DB15M
DB25M, DSUB connector, female/male;DB25M
DB37M, DSUB connector, female/male;DB37M
DIN41612C96F, DIN connector, 96 pin housing;DIN41612C96F
DIN41612C96M, DIN connector, 96 pin housing;DIN41612C96M
DIN41612C64F, DIN connector, 96 pin housing;DIN41612C64F
DIN41612C64M, DIN connector, 96 pin housing;DIN41612C64M
DIN41612C96FS, DIN connector, 96 pin housing;DIN41612C96FS
DIN41612C96MS, DIN connector, 96 pin housing;DIN41612C96MS
DIN41612C64FS, DIN connector, 96 pin housing;DIN41612C64FS
DIN41612C64MS, DIN connector, 96 pin housing;DIN41612C64MS
2706, Standard SMT resistor, capacitor etc;2706
CAPC0402L, Standard SMT resistor, capacitor etc;CAPC0402L
CAPC0402N, Standard SMT resistor, capacitor etc;CAPC0402N
CAPC0402M, Standard SMT resistor, capacitor etc;CAPC0402M
INDC0402L, Standard SMT resistor, capacitor etc;INDC0402L
INDC0402N, Standard SMT resistor, capacitor etc;INDC0402N
INDC0402M, Standard SMT resistor, capacitor etc;INDC0402M
RESC0402L, Standard SMT resistor, capacitor etc;RESC0402L
RESC0402N, Standard SMT resistor, capacitor etc;RESC0402N
RESC0402M, Standard SMT resistor, capacitor etc;RESC0402M
01005, Standard SMT resistor, capacitor etc;01005
CAPC0603L, Standard SMT resistor, capacitor etc;CAPC0603L
CAPC0603N, Standard SMT resistor, capacitor etc;CAPC0603N
CAPC0603M, Standard SMT resistor, capacitor etc;CAPC0603M
RESC0603L, Standard SMT resistor, capacitor etc;RESC0603L
RESC0603N, Standard SMT resistor, capacitor etc;RESC0603N
RESC0603M, Standard SMT resistor, capacitor etc;RESC0603M
0201, Standard SMT resistor, capacitor etc;0201
CAPC1005L, Standard SMT resistor, capacitor etc;CAPC1005L
CAPC1005N, Standard SMT resistor, capacitor etc;CAPC1005N
CAPC1005M, Standard SMT resistor, capacitor etc;CAPC1005M
INDC1005L, Standard SMT resistor, capacitor etc;INDC1005L
INDC1005N, Standard SMT resistor, capacitor etc;INDC1005N
INDC1005M, Standard SMT resistor, capacitor etc;INDC1005M
RESC1005L, Standard SMT resistor, capacitor etc;RESC1005L
RESC1005N, Standard SMT resistor, capacitor etc;RESC1005N
RESC1005M, Standard SMT resistor, capacitor etc;RESC1005M
0402, Standard SMT resistor, capacitor etc;0402
CAPC1608L, Standard SMT resistor, capacitor etc;CAPC1608L
CAPC1608N, Standard SMT resistor, capacitor etc;CAPC1608N
CAPC1608M, Standard SMT resistor, capacitor etc;CAPC1608M
INDC1608L, Standard SMT resistor, capacitor etc;INDC1608L
INDC1608N, Standard SMT resistor, capacitor etc;INDC1608N
INDC1608M, Standard SMT resistor, capacitor etc;INDC1608M
RESC1608L, Standard SMT resistor, capacitor etc;RESC1608L
RESC1608N, Standard SMT resistor, capacitor etc;RESC1608N
RESC1608M, Standard SMT resistor, capacitor etc;RESC1608M
0603, Standard SMT resistor, capacitor etc;0603
CAPC2012L, Standard SMT resistor, capacitor etc;CAPC2012L
CAPC2012N, Standard SMT resistor, capacitor etc;CAPC2012N
CAPC2012M, Standard SMT resistor, capacitor etc;CAPC2012M
INDC2012L, Standard SMT resistor, capacitor etc;INDC2012L
INDC2012N, Standard SMT resistor, capacitor etc;INDC2012N
INDC2012M, Standard SMT resistor, capacitor etc;INDC2012M
RESC2012L, Standard SMT resistor, capacitor etc;RESC2012L
RESC2012N, Standard SMT resistor, capacitor etc;RESC2012N
RESC2012M, Standard SMT resistor, capacitor etc;RESC2012M
0805, Standard SMT resistor, capacitor etc;0805
INDC2520L, Standard SMT resistor, capacitor etc;INDC2520L
INDC2520N, Standard SMT resistor, capacitor etc;INDC2520N
INDC2520M, Standard SMT resistor, capacitor etc;INDC2520M
1008, Standard SMT resistor, capacitor etc;1008
CAPC3216L, Standard SMT resistor, capacitor etc;CAPC3216L
CAPC3216N, Standard SMT resistor, capacitor etc;CAPC3216N
CAPC3216M, Standard SMT resistor, capacitor etc;CAPC3216M
INDC3216L, Standard SMT resistor, capacitor etc;INDC3216L
INDC3216N, Standard SMT resistor, capacitor etc;INDC3216N
INDC3216M, Standard SMT resistor, capacitor etc;INDC3216M
RESC3216L, Standard SMT resistor, capacitor etc;RESC3216L
RESC3216N, Standard SMT resistor, capacitor etc;RESC3216N
RESC3216M, Standard SMT resistor, capacitor etc;RESC3216M
1206, Standard SMT resistor, capacitor etc;1206
CAPC3225L, Standard SMT resistor, capacitor etc;CAPC3225L
CAPC3225N, Standard SMT resistor, capacitor etc;CAPC3225N
CAPC3225M, Standard SMT resistor, capacitor etc;CAPC3225M
INDC3225L, Standard SMT resistor, capacitor etc;INDC3225L
INDC3225N, Standard SMT resistor, capacitor etc;INDC3225N
INDC3225M, Standard SMT resistor, capacitor etc;INDC3225M
RESC3225L, Standard SMT resistor, capacitor etc;RESC3225L
RESC3225N, Standard SMT resistor, capacitor etc;RESC3225N
RESC3225M, Standard SMT resistor, capacitor etc;RESC3225M
1210, Standard SMT resistor, capacitor etc;1210
INDC4509L, Standard SMT resistor, capacitor etc;INDC4509L
INDC4509N, Standard SMT resistor, capacitor etc;INDC4509N
INDC4509M, Standard SMT resistor, capacitor etc;INDC4509M
1806, Standard SMT resistor, capacitor etc;1806
CAPC4532L, Standard SMT resistor, capacitor etc;CAPC4532L
CAPC4532N, Standard SMT resistor, capacitor etc;CAPC4532N
CAPC4532M, Standard SMT resistor, capacitor etc;CAPC4532M
INDC4532L, Standard SMT resistor, capacitor etc;INDC4532L
INDC4532N, Standard SMT resistor, capacitor etc;INDC4532N
INDC4532M, Standard SMT resistor, capacitor etc;INDC4532M
RESC4532L, Standard SMT resistor, capacitor etc;RESC4532L
RESC4532N, Standard SMT resistor, capacitor etc;RESC4532N
RESC4532M, Standard SMT resistor, capacitor etc;RESC4532M
CAPC4564L, Standard SMT resistor, capacitor etc;CAPC4564L
CAPC4564N, Standard SMT resistor, capacitor etc;CAPC4564N
CAPC4564M, Standard SMT resistor, capacitor etc;CAPC4564M
RESC4564L, Standard SMT resistor, capacitor etc;RESC4564L
RESC4564N, Standard SMT resistor, capacitor etc;RESC4564N
RESC4564M, Standard SMT resistor, capacitor etc;RESC4564M
1825, Standard SMT resistor, capacitor etc;1825
EMI0603, 3-Pin SMT EMI Filter based on standard SMT sizes;EMI0603
EMI0805, 3-Pin SMT EMI Filter based on standard SMT sizes;EMI0805
EMI1206, 3-Pin SMT EMI Filter based on standard SMT sizes;EMI1206
EMI1806, 3-Pin SMT EMI Filter based on standard SMT sizes;EMI1806
EIA3216, Tantalum SMT capacitor (pin 1 is +);EIA3216
EIA3528, Tantalum SMT capacitor (pin 1 is +);EIA3528
EIA6032, Tantalum SMT capacitor (pin 1 is +);EIA6032
EIA7343, Tantalum SMT capacitor (pin 1 is +);EIA7343
TANT_A, Tantalum SMT capacitor (pin 1 is +);TANT_A
TANT_B, Tantalum SMT capacitor (pin 1 is +);TANT_B
TANT_C, Tantalum SMT capacitor (pin 1 is +);TANT_C
TANT_D, Tantalum SMT capacitor (pin 1 is +);TANT_D
SME3, Surface mount electrolytic capacitor, number is dia in mm;SME3
SME4, Surface mount electrolytic capacitor, number is dia in mm;SME4
SME5, Surface mount electrolytic capacitor, number is dia in mm;SME5
SME6, Surface mount electrolytic capacitor, number is dia in mm;SME6
SME8, Surface mount electrolytic capacitor, number is dia in mm;SME8
SME10, Surface mount electrolytic capacitor, number is dia in mm;SME10
SOD80, SMT diode (pin 1 is cathode);SOD80
SOD87, SMT diode (pin 1 is cathode);SOD87
SOD106A, SMT diode (pin 1 is cathode);SOD106A
SOD110, SMT diode (pin 1 is cathode);SOD110
SOD123, SMT diode (pin 1 is cathode);SOD123
SOD323, SMT diode (pin 1 is cathode);SOD323
DO214, SMT diode (pin 1 is cathode);DO214
DO214AB, SMT diode (pin 1 is cathode);DO214AB
SOT23D, SMT diode (pin 1 is cathode);SOT23D
SOT323D, SMT diode (pin 1 is cathode);SOT323D
SOT23, SMT transistor, 3 pins;SOT23
SOT323, SMT transistor, 3 pins;SOT323
SC90, SMT transistor, 3 pins;SC90
SC70_3, SMT transistor, 3 pins;SC70_3
SOT89, SMT transistor, 4 pins;SOT89
SOT143, SMT transistor, 4 pins;SOT143
SOT223, SMT transistor, 4 pins;SOT223
SC70_4, SMT transistor, 4 pins;SC70_4
SOT25, SMT transistor, 5 pins;SOT25
SOT325, SMT transistor, 5 pins;SOT325
SC70_5, SMT transistor, 5 pins;SC70_5
SOT26, SMT transistor, 6 pins;SOT26
SOT326, SMT transistor, 6 pins;SOT326
SC70_6, SMT transistor, 6 pins;SC70_6
MPAK, Pressure transducer;MPAK
